timestamp,year,month,day,hour,minute,day_of_week,Vantaa Helsinki-Vantaan lentoasema temperature,Vaasa lentoasema temperature,Liperi Joensuu lentoasema temperature,JyvÃ¤skylÃ¤ lentoasema temperature,Rovaniemi lentoasema AWOS temperature
2023-01-01 00:00:00,2023,1,1,0,0,Sunday,3.6,2.4,2.5,2.4,0.0
2023-01-01 01:00:00,2023,1,1,1,0,Sunday,4.0,2.3,2.9,2.0,0.0
2023-01-01 02:00:00,2023,1,1,2,0,Sunday,3.1,1.9,2.6,1.5,-0.2
2023-01-01 03:00:00,2023,1,1,3,0,Sunday,1.8,1.4,2.4,0.9,-0.5
2023-01-01 04:00:00,2023,1,1,4,0,Sunday,1.5,1.0,2.3,0.5,-0.4
2023-01-01 05:00:00,2023,1,1,5,0,Sunday,1.3,0.6,1.6,0.2,-0.4
2023-01-01 06:00:00,2023,1,1,6,0,Sunday,0.5,0.1,1.3,-0.2,-1.1
2023-01-01 07:00:00,2023,1,1,7,0,Sunday,-1.2,-0.4,0.9,-0.6,-1.5
2023-01-01 08:00:00,2023,1,1,8,0,Sunday,-1.5,-0.6,0.6,-1.2,-1.9
2023-01-01 09:00:00,2023,1,1,9,0,Sunday,-0.7,-0.5,0.4,-1.6,-2.1
2023-01-01 10:00:00,2023,1,1,10,0,Sunday,-0.8,-0.4,-0.1,-1.7,-2.0
2023-01-01 11:00:00,2023,1,1,11,0,Sunday,-0.1,-0.3,-0.2,-1.7,-2.0
2023-01-01 12:00:00,2023,1,1,12,0,Sunday,-0.2,-0.5,-0.7,-1.7,-1.8
2023-01-01 13:00:00,2023,1,1,13,0,Sunday,-0.9,-0.7,-1.3,-2.4,-2.2
2023-01-01 14:00:00,2023,1,1,14,0,Sunday,-1.7,-1.0,-1.5,-2.7,-2.4
2023-01-01 15:00:00,2023,1,1,15,0,Sunday,-1.6,-1.2,-1.6,-2.8,-1.3
2023-01-01 16:00:00,2023,1,1,16,0,Sunday,-1.9,-1.2,-1.8,-3.2,-1.8
2023-01-01 17:00:00,2023,1,1,17,0,Sunday,-2.4,-1.7,-2.2,-3.6,-2.0
2023-01-01 18:00:00,2023,1,1,18,0,Sunday,-2.4,0.0,-2.6,-3.7,-2.1
2023-01-01 19:00:00,2023,1,1,19,0,Sunday,-2.7,-0.3,-2.6,-3.6,-2.3
2023-01-01 20:00:00,2023,1,1,20,0,Sunday,-2.7,-0.3,-2.7,-3.6,-3.0
2023-01-01 21:00:00,2023,1,1,21,0,Sunday,-2.3,-0.3,-2.7,-3.5,-3.9
2023-01-01 22:00:00,2023,1,1,22,0,Sunday,-2.4,-0.3,-2.7,-3.5,-4.7
2023-01-01 23:00:00,2023,1,1,23,0,Sunday,-2.0,-0.5,-2.4,-3.5,-4.9
2023-01-02 00:00:00,2023,1,2,0,0,Monday,-2.4,-0.6,-2.6,-3.8,-5.4
2023-01-02 01:00:00,2023,1,2,1,0,Monday,-2.4,-1.0,-2.8,-3.5,-5.9
2023-01-02 02:00:00,2023,1,2,2,0,Monday,-2.2,-1.0,-2.9,-3.4,-6.4
2023-01-02 03:00:00,2023,1,2,3,0,Monday,-2.5,-2.2,-3.4,-3.6,-6.9
2023-01-02 04:00:00,2023,1,2,4,0,Monday,-2.8,-4.8,-3.7,-3.2,-7.5
2023-01-02 05:00:00,2023,1,2,5,0,Monday,-3.4,-5.6,-3.9,-3.3,-8.3
2023-01-02 06:00:00,2023,1,2,6,0,Monday,-3.2,-5.8,-3.5,-4.2,-8.7
2023-01-02 07:00:00,2023,1,2,7,0,Monday,-3.9,-6.0,-3.1,-3.2,-8.8
2023-01-02 08:00:00,2023,1,2,8,0,Monday,-4.9,-5.2,-3.1,-3.3,-8.5
2023-01-02 09:00:00,2023,1,2,9,0,Monday,-4.9,-4.5,-3.2,-5.1,-8.6
2023-01-02 10:00:00,2023,1,2,10,0,Monday,-4.3,-4.3,-2.8,-5.5,-7.1
2023-01-02 11:00:00,2023,1,2,11,0,Monday,-3.6,-4.6,-3.0,-6.9,-7.8
2023-01-02 12:00:00,2023,1,2,12,0,Monday,-3.2,-3.7,-3.4,-5.6,-8.8
2023-01-02 13:00:00,2023,1,2,13,0,Monday,-3.0,-4.1,-4.2,-7.0,-9.0
2023-01-02 14:00:00,2023,1,2,14,0,Monday,-3.1,-3.7,-5.2,-7.7,-11.8
2023-01-02 15:00:00,2023,1,2,15,0,Monday,-2.7,-3.4,-5.5,-8.5,-10.7
2023-01-02 16:00:00,2023,1,2,16,0,Monday,-1.8,-3.0,-5.8,-8.1,-9.8
2023-01-02 17:00:00,2023,1,2,17,0,Monday,-1.0,-2.8,-6.6,-8.8,-11.9
2023-01-02 18:00:00,2023,1,2,18,0,Monday,-0.8,-2.6,-7.4,-8.1,-12.7
2023-01-02 19:00:00,2023,1,2,19,0,Monday,-0.2,-2.6,-8.2,-8.5,-13.0
2023-01-02 20:00:00,2023,1,2,20,0,Monday,-0.2,-2.9,-10.3,-8.0,-12.5
2023-01-02 21:00:00,2023,1,2,21,0,Monday,-0.2,-2.4,-11.8,-8.4,-13.5
2023-01-02 22:00:00,2023,1,2,22,0,Monday,-0.2,-2.3,-10.9,-8.5,-14.4
2023-01-02 23:00:00,2023,1,2,23,0,Monday,-0.8,-2.1,-11.2,-7.7,-14.7
2023-01-03 00:00:00,2023,1,3,0,0,Tuesday,-0.8,-1.5,-10.4,-7.2,-14.3
2023-01-03 01:00:00,2023,1,3,1,0,Tuesday,-0.5,-2.1,-12.1,-6.4,-14.2
2023-01-03 02:00:00,2023,1,3,2,0,Tuesday,-0.5,-2.1,-11.9,-6.4,-14.5
2023-01-03 03:00:00,2023,1,3,3,0,Tuesday,-0.8,-1.9,-11.2,-6.1,-14.0
2023-01-03 04:00:00,2023,1,3,4,0,Tuesday,-0.9,-2.1,-8.9,-5.7,-13.2
2023-01-03 05:00:00,2023,1,3,5,0,Tuesday,-0.7,-2.2,-9.0,-5.6,-13.7
2023-01-03 06:00:00,2023,1,3,6,0,Tuesday,-0.9,-2.1,-9.9,-5.6,-13.3
2023-01-03 07:00:00,2023,1,3,7,0,Tuesday,-0.5,-1.9,-10.1,-5.5,-12.8
2023-01-03 08:00:00,2023,1,3,8,0,Tuesday,-0.5,-1.8,-10.2,-5.6,-12.2
2023-01-03 09:00:00,2023,1,3,9,0,Tuesday,-0.9,-2.3,-10.3,-5.5,-11.9
2023-01-03 10:00:00,2023,1,3,10,0,Tuesday,-1.3,-2.6,-9.8,-5.4,-11.8
2023-01-03 11:00:00,2023,1,3,11,0,Tuesday,-1.4,-2.4,-9.1,-5.7,-12.4
2023-01-03 12:00:00,2023,1,3,12,0,Tuesday,-1.4,-2.1,-9.0,-5.4,-12.5
2023-01-03 13:00:00,2023,1,3,13,0,Tuesday,-1.4,-1.7,-8.5,-5.2,-12.2
2023-01-03 14:00:00,2023,1,3,14,0,Tuesday,-1.6,-2.1,-7.8,-5.2,-12.0
2023-01-03 15:00:00,2023,1,3,15,0,Tuesday,-1.8,-2.6,-7.4,-5.1,-11.0
2023-01-03 16:00:00,2023,1,3,16,0,Tuesday,-1.9,-3.1,-6.8,-5.0,-12.4
2023-01-03 17:00:00,2023,1,3,17,0,Tuesday,-1.9,-4.6,-6.5,-5.0,-12.9
2023-01-03 18:00:00,2023,1,3,18,0,Tuesday,-2.2,-5.0,-6.0,-5.1,-12.8
2023-01-03 19:00:00,2023,1,3,19,0,Tuesday,-2.4,-5.2,-5.7,-4.9,-12.3
2023-01-03 20:00:00,2023,1,3,20,0,Tuesday,-2.2,-5.3,-5.7,-5.3,-13.5
2023-01-03 21:00:00,2023,1,3,21,0,Tuesday,-2.6,-5.6,-6.0,-5.7,-12.3
2023-01-03 22:00:00,2023,1,3,22,0,Tuesday,-2.4,-5.6,-6.0,-5.3,-13.0
2023-01-03 23:00:00,2023,1,3,23,0,Tuesday,-2.5,-5.5,-6.1,-5.3,-13.8
2023-01-04 00:00:00,2023,1,4,0,0,Wednesday,-2.4,-5.6,-6.3,-5.3,-14.3
2023-01-04 00:00:00,2023,1,4,0,0,Wednesday,-2.4,-5.6,-6.3,-5.3,-14.3
2023-01-04 01:00:00,2023,1,4,1,0,Wednesday,-2.2,-5.3,-6.8,-5.6,-14.6
2023-01-04 02:00:00,2023,1,4,2,0,Wednesday,-2.3,-3.8,-6.9,-6.9,-14.0
2023-01-04 03:00:00,2023,1,4,3,0,Wednesday,-2.2,-3.9,-7.2,-7.2,-13.9
2023-01-04 04:00:00,2023,1,4,4,0,Wednesday,-2.6,-2.9,-7.4,-7.2,-13.5
2023-01-04 05:00:00,2023,1,4,5,0,Wednesday,-2.7,-3.2,-8.0,-9.4,-13.4
2023-01-04 06:00:00,2023,1,4,6,0,Wednesday,-2.9,-4.0,-9.4,-7.2,-13.1
2023-01-04 07:00:00,2023,1,4,7,0,Wednesday,-3.0,-5.0,-10.4,-7.2,-12.4
2023-01-04 08:00:00,2023,1,4,8,0,Wednesday,-3.2,-7.4,-11.2,-7.2,-12.0
2023-01-04 09:00:00,2023,1,4,9,0,Wednesday,-3.4,-7.9,-11.4,-8.7,-11.7
2023-01-04 10:00:00,2023,1,4,10,0,Wednesday,-3.5,-8.2,-11.4,-12.0,-11.1
2023-01-04 11:00:00,2023,1,4,11,0,Wednesday,-3.4,-9.1,-10.8,-10.5,-10.1
2023-01-04 12:00:00,2023,1,4,12,0,Wednesday,-3.4,-10.0,-11.0,-11.4,-9.5
2023-01-04 13:00:00,2023,1,4,13,0,Wednesday,-3.9,-10.4,-11.6,-10.6,-9.4
2023-01-04 14:00:00,2023,1,4,14,0,Wednesday,-4.9,-12.1,-11.8,-11.6,-8.9
2023-01-04 15:00:00,2023,1,4,15,0,Wednesday,-6.2,-12.8,-12.4,-11.7,-8.5
2023-01-04 16:00:00,2023,1,4,16,0,Wednesday,-6.9,-12.0,-12.4,-12.2,-7.9
2023-01-04 17:00:00,2023,1,4,17,0,Wednesday,-7.7,-10.5,-11.8,-13.2,-7.2
2023-01-04 18:00:00,2023,1,4,18,0,Wednesday,-8.2,-8.4,-13.2,-13.9,-7.1
2023-01-04 19:00:00,2023,1,4,19,0,Wednesday,-9.3,-7.9,-13.3,-14.0,-6.9
2023-01-04 20:00:00,2023,1,4,20,0,Wednesday,-9.7,-9.1,-12.7,-13.5,-6.8
2023-01-04 21:00:00,2023,1,4,21,0,Wednesday,-10.5,-10.0,-12.2,-14.6,-6.9
2023-01-04 22:00:00,2023,1,4,22,0,Wednesday,-11.0,-10.8,-13.0,-13.8,-6.8
2023-01-04 23:00:00,2023,1,4,23,0,Wednesday,-11.2,-11.4,-11.2,-14.9,-6.6
2023-01-05 00:00:00,2023,1,5,0,0,Thursday,-11.8,-12.1,-10.9,-15.2,-6.5
2023-01-05 01:00:00,2023,1,5,1,0,Thursday,-11.6,-12.3,-10.7,-17.8,-6.5
2023-01-05 02:00:00,2023,1,5,2,0,Thursday,-11.6,-13.6,-11.2,-15.0,-6.7
2023-01-05 03:00:00,2023,1,5,3,0,Thursday,-11.9,-13.5,-9.5,-12.9,-6.8
2023-01-05 04:00:00,2023,1,5,4,0,Thursday,-11.8,-12.2,-8.9,-11.9,-6.9
2023-01-05 05:00:00,2023,1,5,5,0,Thursday,-11.8,-10.8,-8.0,-11.2,-7.2
2023-01-05 06:00:00,2023,1,5,6,0,Thursday,-11.8,-9.9,-7.2,-12.1,-7.1
2023-01-05 07:00:00,2023,1,5,7,0,Thursday,-12.0,-9.4,-7.1,-11.6,-6.9
2023-01-05 08:00:00,2023,1,5,8,0,Thursday,-11.7,-9.0,-7.0,-9.0,-8.0
2023-01-05 09:00:00,2023,1,5,9,0,Thursday,-11.4,-8.5,-7.1,-8.4,-8.5
2023-01-05 10:00:00,2023,1,5,10,0,Thursday,-10.5,-7.9,-6.9,-8.2,-10.3
2023-01-05 11:00:00,2023,1,5,11,0,Thursday,-9.6,-7.5,-6.8,-7.8,-9.7
2023-01-05 12:00:00,2023,1,5,12,0,Thursday,-9.7,-7.2,-7.1,-7.5,-10.1
2023-01-05 13:00:00,2023,1,5,13,0,Thursday,-10.0,-7.1,-7.2,-7.5,-9.2
2023-01-05 14:00:00,2023,1,5,14,0,Thursday,-11.1,-7.3,-7.1,-7.5,-8.1
2023-01-05 15:00:00,2023,1,5,15,0,Thursday,-11.1,-7.4,-7.5,-7.5,-8.1
2023-01-05 16:00:00,2023,1,5,16,0,Thursday,-11.8,-7.3,-7.4,-7.7,-8.1
2023-01-05 17:00:00,2023,1,5,17,0,Thursday,-11.4,-7.1,-7.3,-7.8,-7.7
2023-01-05 18:00:00,2023,1,5,18,0,Thursday,-10.1,-7.4,-7.7,-7.8,-7.9
2023-01-05 19:00:00,2023,1,5,19,0,Thursday,-9.7,-7.7,-7.4,-8.0,-7.6
2023-01-05 20:00:00,2023,1,5,20,0,Thursday,-8.5,-7.9,-7.7,-8.0,-8.3
2023-01-05 21:00:00,2023,1,5,21,0,Thursday,-8.5,-8.1,-7.8,-8.2,-8.4
2023-01-05 22:00:00,2023,1,5,22,0,Thursday,-8.6,-8.3,-7.8,-9.1,-8.1
2023-01-05 23:00:00,2023,1,5,23,0,Thursday,-8.4,-8.5,-7.9,-9.1,-7.9
2023-01-06 00:00:00,2023,1,6,0,0,Friday,-7.9,-8.9,-7.7,-9.4,-8.0
2023-01-06 01:00:00,2023,1,6,1,0,Friday,-7.7,-9.0,-7.5,-9.4,-8.2
2023-01-06 02:00:00,2023,1,6,2,0,Friday,-7.8,-9.5,-7.5,-10.3,-8.8
2023-01-06 03:00:00,2023,1,6,3,0,Friday,-8.0,-9.2,-7.5,-10.4,-8.4
2023-01-06 04:00:00,2023,1,6,4,0,Friday,-8.6,-9.4,-7.8,-10.0,-9.1
2023-01-06 05:00:00,2023,1,6,5,0,Friday,-10.6,-9.3,-7.7,-10.0,-9.1
2023-01-06 06:00:00,2023,1,6,6,0,Friday,-8.8,-9.8,-7.6,-10.0,-9.3
2023-01-06 07:00:00,2023,1,6,7,0,Friday,-8.8,-10.1,-7.9,-10.2,-9.8
2023-01-06 08:00:00,2023,1,6,8,0,Friday,-8.3,-10.1,-8.1,-9.8,-9.9
2023-01-06 09:00:00,2023,1,6,9,0,Friday,-7.4,-9.4,-8.2,-9.8,-10.6
2023-01-06 10:00:00,2023,1,6,10,0,Friday,-8.1,-9.3,-8.3,-10.0,-9.6
2023-01-06 11:00:00,2023,1,6,11,0,Friday,-9.2,-9.0,-8.2,-10.9,-10.0
2023-01-06 12:00:00,2023,1,6,12,0,Friday,-7.8,-8.9,-8.6,-10.6,-10.0
2023-01-06 13:00:00,2023,1,6,13,0,Friday,-7.9,-8.9,-8.7,-11.2,-10.1
2023-01-06 14:00:00,2023,1,6,14,0,Friday,-8.4,-9.3,-9.2,-11.7,-10.5
2023-01-06 15:00:00,2023,1,6,15,0,Friday,-8.1,-9.4,-9.9,-12.2,-10.2
2023-01-06 16:00:00,2023,1,6,16,0,Friday,-8.0,-10.8,-10.2,-12.1,-12.3
2023-01-06 17:00:00,2023,1,6,17,0,Friday,-7.9,-10.9,-10.7,-12.1,-14.2
2023-01-06 18:00:00,2023,1,6,18,0,Friday,-8.0,-10.9,-11.8,-12.3,-18.1
2023-01-06 19:00:00,2023,1,6,19,0,Friday,-7.7,-10.9,-11.1,-12.3,-17.2
2023-01-06 20:00:00,2023,1,6,20,0,Friday,-7.7,-10.9,-13.7,-12.7,-16.6
2023-01-06 21:00:00,2023,1,6,21,0,Friday,-7.7,-11.0,-15.1,-11.9,-14.7
2023-01-06 22:00:00,2023,1,6,22,0,Friday,-7.8,-11.2,-16.3,-11.4,-14.6
2023-01-06 23:00:00,2023,1,6,23,0,Friday,-7.9,-11.0,-17.2,-11.5,-14.8
2023-01-07 00:00:00,2023,1,7,0,0,Saturday,-7.7,-10.7,-18.6,-10.4,-15.6
2023-01-07 00:00:00,2023,1,7,0,0,Saturday,-7.7,-10.7,-18.6,-10.4,-15.6
2023-01-07 01:00:00,2023,1,7,1,0,Saturday,-6.2,-10.2,-17.4,-10.7,-16.4
2023-01-07 02:00:00,2023,1,7,2,0,Saturday,-6.5,-9.9,-18.6,-13.0,-17.2
2023-01-07 03:00:00,2023,1,7,3,0,Saturday,-6.9,-9.8,-19.7,-14.2,-16.2
2023-01-07 04:00:00,2023,1,7,4,0,Saturday,-7.0,-9.8,-19.4,-12.4,-16.3
2023-01-07 05:00:00,2023,1,7,5,0,Saturday,-7.2,-9.6,-18.5,-11.9,-16.3
2023-01-07 06:00:00,2023,1,7,6,0,Saturday,-7.4,-9.3,-20.6,-11.2,-16.0
2023-01-07 07:00:00,2023,1,7,7,0,Saturday,-7.6,-8.9,-21.1,-10.7,-15.8
2023-01-07 08:00:00,2023,1,7,8,0,Saturday,-7.3,-8.8,-21.1,-10.4,-15.7
2023-01-07 09:00:00,2023,1,7,9,0,Saturday,-7.1,-8.3,-20.1,-10.0,-15.6
2023-01-07 10:00:00,2023,1,7,10,0,Saturday,-7.8,-7.9,-19.7,-10.0,-15.7
2023-01-07 11:00:00,2023,1,7,11,0,Saturday,-8.2,-7.8,-18.8,-9.4,-16.3
2023-01-07 12:00:00,2023,1,7,12,0,Saturday,-8.3,-7.6,-17.8,-9.6,-16.1
2023-01-07 13:00:00,2023,1,7,13,0,Saturday,-8.0,-7.6,-16.7,-9.2,-16.2
2023-01-07 14:00:00,2023,1,7,14,0,Saturday,-8.0,-7.8,-16.5,-9.3,-15.9
2023-01-07 15:00:00,2023,1,7,15,0,Saturday,-8.1,-7.8,-16.6,-9.6,-15.2
2023-01-07 16:00:00,2023,1,7,16,0,Saturday,-8.2,-8.0,-16.4,-9.5,-14.8
2023-01-07 17:00:00,2023,1,7,17,0,Saturday,-8.2,-8.0,-16.0,-9.5,-14.9
2023-01-07 18:00:00,2023,1,7,18,0,Saturday,-8.0,-7.8,-15.0,-9.5,-15.8
2023-01-07 19:00:00,2023,1,7,19,0,Saturday,-7.8,-7.7,-15.2,-9.5,-16.1
2023-01-07 20:00:00,2023,1,7,20,0,Saturday,-8.1,-7.6,-15.1,-9.5,-15.7
2023-01-07 21:00:00,2023,1,7,21,0,Saturday,-8.3,-7.4,-15.3,-9.5,-14.7
2023-01-07 22:00:00,2023,1,7,22,0,Saturday,-8.2,-7.5,-15.5,-9.3,-13.7
2023-01-07 23:00:00,2023,1,7,23,0,Saturday,-8.1,-7.5,-15.5,-9.2,-13.3
2023-01-08 00:00:00,2023,1,8,0,0,Sunday,-8.3,-7.6,-14.4,-9.1,-13.3
2023-01-08 01:00:00,2023,1,8,1,0,Sunday,-8.3,-7.6,-13.8,-9.2,-12.6
2023-01-08 02:00:00,2023,1,8,2,0,Sunday,-8.3,-7.5,-12.7,-9.3,-12.5
2023-01-08 03:00:00,2023,1,8,3,0,Sunday,-7.8,-7.4,-12.3,-9.4,-12.4
2023-01-08 04:00:00,2023,1,8,4,0,Sunday,-7.6,-7.1,-11.8,-9.1,-12.4
2023-01-08 05:00:00,2023,1,8,5,0,Sunday,-7.5,-6.8,-11.3,-9.1,-12.2
2023-01-08 06:00:00,2023,1,8,6,0,Sunday,-7.4,-6.7,-11.1,-9.2,-12.2
2023-01-08 07:00:00,2023,1,8,7,0,Sunday,-7.6,-6.7,-10.9,-9.5,-12.1
2023-01-08 08:00:00,2023,1,8,8,0,Sunday,-7.5,-6.7,-10.6,-9.7,-12.0
2023-01-08 09:00:00,2023,1,8,9,0,Sunday,-7.1,-6.7,-10.4,-9.9,-12.0
2023-01-08 10:00:00,2023,1,8,10,0,Sunday,-6.9,-6.2,-10.1,-9.9,-11.8
2023-01-08 11:00:00,2023,1,8,11,0,Sunday,-6.7,-6.1,-9.7,-9.7,-11.6
2023-01-08 12:00:00,2023,1,8,12,0,Sunday,-6.3,-5.8,-9.2,-9.5,-11.6
2023-01-08 13:00:00,2023,1,8,13,0,Sunday,-6.2,-5.4,-9.6,-9.7,-11.5
2023-01-08 14:00:00,2023,1,8,14,0,Sunday,-6.4,-5.2,-9.6,-9.9,-10.8
2023-01-08 15:00:00,2023,1,8,15,0,Sunday,-6.0,-5.1,-9.9,-10.0,-10.2
2023-01-08 16:00:00,2023,1,8,16,0,Sunday,-6.1,-4.7,-10.7,-10.0,-10.0
2023-01-08 17:00:00,2023,1,8,17,0,Sunday,-6.3,-4.4,-11.1,-10.0,-9.9
2023-01-08 18:00:00,2023,1,8,18,0,Sunday,-6.2,-4.7,-11.1,-9.7,-10.0
2023-01-08 19:00:00,2023,1,8,19,0,Sunday,-6.3,-4.6,-10.9,-9.3,-9.9
2023-01-08 20:00:00,2023,1,8,20,0,Sunday,-6.2,-4.6,-11.1,-9.3,-10.0
2023-01-08 21:00:00,2023,1,8,21,0,Sunday,-5.9,-5.0,-11.0,-9.5,-10.1
2023-01-08 22:00:00,2023,1,8,22,0,Sunday,-5.7,-5.4,-11.0,-9.3,-10.0
2023-01-08 23:00:00,2023,1,8,23,0,Sunday,-5.5,-5.6,-11.3,-9.1,-10.0
2023-01-09 00:00:00,2023,1,9,0,0,Monday,-5.2,-5.7,-11.5,-8.9,-10.1
2023-01-09 01:00:00,2023,1,9,1,0,Monday,-5.1,-5.9,-11.5,-8.7,-10.0
2023-01-09 02:00:00,2023,1,9,2,0,Monday,-4.6,-5.8,-11.9,-8.6,-10.0
2023-01-09 03:00:00,2023,1,9,3,0,Monday,-4.2,-5.9,-12.3,-8.6,-10.0
2023-01-09 04:00:00,2023,1,9,4,0,Monday,-4.6,-5.8,-12.6,-8.5,-10.1
2023-01-09 05:00:00,2023,1,9,5,0,Monday,-4.9,-5.7,-12.6,-8.4,-10.2
2023-01-09 06:00:00,2023,1,9,6,0,Monday,-5.1,-5.9,-12.2,-8.3,-10.3
2023-01-09 07:00:00,2023,1,9,7,0,Monday,-5.2,-6.0,-11.8,-8.4,-10.5
2023-01-09 08:00:00,2023,1,9,8,0,Monday,-5.2,-6.1,-11.8,-8.2,-10.6
2023-01-09 09:00:00,2023,1,9,9,0,Monday,-5.0,-6.2,-11.4,-7.8,-10.4
2023-01-09 10:00:00,2023,1,9,10,0,Monday,-4.9,-6.1,-11.4,-7.5,-10.0
2023-01-09 11:00:00,2023,1,9,11,0,Monday,-4.9,-6.1,-11.2,-7.4,-9.5
2023-01-09 12:00:00,2023,1,9,12,0,Monday,-4.7,-6.0,-11.4,-7.6,-9.3
2023-01-09 13:00:00,2023,1,9,13,0,Monday,-4.7,-5.8,-11.0,-7.7,-9.5
2023-01-09 14:00:00,2023,1,9,14,0,Monday,-4.7,-5.6,-10.5,-8.1,-9.3
2023-01-09 15:00:00,2023,1,9,15,0,Monday,-4.8,-5.4,-10.2,-8.3,-9.0
2023-01-09 16:00:00,2023,1,9,16,0,Monday,-4.6,-5.2,-9.8,-8.1,-8.7
2023-01-09 17:00:00,2023,1,9,17,0,Monday,-4.5,-4.7,-10.0,-8.0,-8.7
2023-01-09 18:00:00,2023,1,9,18,0,Monday,-4.3,-4.2,-10.1,-8.2,-8.7
2023-01-09 19:00:00,2023,1,9,19,0,Monday,-4.3,-4.0,-9.8,-8.2,-8.8
2023-01-09 20:00:00,2023,1,9,20,0,Monday,-4.2,-4.2,-9.6,-8.1,-8.9
2023-01-09 21:00:00,2023,1,9,21,0,Monday,-4.0,-4.2,-9.3,-8.1,-8.9
2023-01-09 22:00:00,2023,1,9,22,0,Monday,-3.7,-4.0,-9.2,-8.3,-8.9
2023-01-09 23:00:00,2023,1,9,23,0,Monday,-3.7,-4.0,-9.2,-8.3,-9.1
2023-01-10 00:00:00,2023,1,10,0,0,Tuesday,-3.8,-4.3,-9.2,-8.2,-9.2
2023-01-10 00:00:00,2023,1,10,0,0,Tuesday,-3.8,-4.3,-9.2,-8.2,-9.2
2023-01-10 01:00:00,2023,1,10,1,0,Tuesday,-4.0,-4.3,-8.9,-7.9,-9.3
2023-01-10 02:00:00,2023,1,10,2,0,Tuesday,-4.1,-4.2,-8.9,-7.8,-9.3
2023-01-10 03:00:00,2023,1,10,3,0,Tuesday,-4.3,-4.4,-9.1,-7.8,-9.2
2023-01-10 04:00:00,2023,1,10,4,0,Tuesday,-4.7,-4.5,-9.5,-8.1,-9.1
2023-01-10 05:00:00,2023,1,10,5,0,Tuesday,-4.7,-5.0,-8.8,-8.3,-9.1
2023-01-10 06:00:00,2023,1,10,6,0,Tuesday,-4.6,-4.9,-8.3,-8.5,-9.0
2023-01-10 07:00:00,2023,1,10,7,0,Tuesday,-4.5,-4.8,-8.4,-8.6,-8.8
2023-01-10 08:00:00,2023,1,10,8,0,Tuesday,-4.4,-4.5,-8.5,-8.5,-8.7
2023-01-10 09:00:00,2023,1,10,9,0,Tuesday,-4.3,-4.2,-8.5,-8.6,-8.6
2023-01-10 10:00:00,2023,1,10,10,0,Tuesday,-3.9,-4.1,-9.3,-8.9,-8.5
2023-01-10 11:00:00,2023,1,10,11,0,Tuesday,-3.6,-4.1,-9.3,-8.9,-8.5
2023-01-10 12:00:00,2023,1,10,12,0,Tuesday,-3.2,-4.4,-9.7,-8.8,-8.3
2023-01-10 13:00:00,2023,1,10,13,0,Tuesday,-2.8,-4.5,-9.6,-8.7,-8.3
2023-01-10 14:00:00,2023,1,10,14,0,Tuesday,-2.1,-4.7,-9.7,-8.7,-8.3
2023-01-10 15:00:00,2023,1,10,15,0,Tuesday,-1.7,-5.0,-9.7,-8.6,-8.4
2023-01-10 16:00:00,2023,1,10,16,0,Tuesday,-0.7,-5.1,-9.5,-8.3,-8.5
2023-01-10 17:00:00,2023,1,10,17,0,Tuesday,0.3,-5.1,-9.4,-8.0,-8.7
2023-01-10 18:00:00,2023,1,10,18,0,Tuesday,1.1,-5.1,-9.0,-7.6,-8.8
2023-01-10 19:00:00,2023,1,10,19,0,Tuesday,1.6,-5.1,-8.5,-7.2,-8.9
2023-01-10 20:00:00,2023,1,10,20,0,Tuesday,1.7,-5.1,-7.8,-6.5,-8.9
2023-01-10 21:00:00,2023,1,10,21,0,Tuesday,1.8,-5.0,-7.0,-5.7,-9.0
2023-01-10 22:00:00,2023,1,10,22,0,Tuesday,1.8,-4.9,-5.8,-4.9,-9.2
2023-01-10 23:00:00,2023,1,10,23,0,Tuesday,2.0,-4.7,-4.9,-3.6,-9.6
2023-01-11 00:00:00,2023,1,11,0,0,Wednesday,2.0,-4.4,-3.5,-3.0,-9.9
2023-01-11 01:00:00,2023,1,11,1,0,Wednesday,1.9,-4.0,-2.3,-0.8,-10.3
2023-01-11 02:00:00,2023,1,11,2,0,Wednesday,1.9,-3.1,-1.3,-0.2,-10.5
2023-01-11 03:00:00,2023,1,11,3,0,Wednesday,2.0,-2.9,-0.9,-0.1,-10.4
2023-01-11 04:00:00,2023,1,11,4,0,Wednesday,1.7,-1.1,-0.5,0.3,-10.6
2023-01-11 05:00:00,2023,1,11,5,0,Wednesday,1.6,0.5,0.0,0.2,-10.9
2023-01-11 06:00:00,2023,1,11,6,0,Wednesday,1.8,1.0,0.3,0.4,-11.3
2023-01-11 07:00:00,2023,1,11,7,0,Wednesday,1.7,1.7,0.3,0.7,-11.9
2023-01-11 08:00:00,2023,1,11,8,0,Wednesday,1.8,1.8,0.5,1.0,-11.5
2023-01-11 09:00:00,2023,1,11,9,0,Wednesday,2.1,2.0,0.5,1.1,-11.2
2023-01-11 10:00:00,2023,1,11,10,0,Wednesday,2.1,2.0,0.8,1.3,-10.7
2023-01-11 11:00:00,2023,1,11,11,0,Wednesday,1.9,2.3,1.1,1.3,-9.9
2023-01-11 12:00:00,2023,1,11,12,0,Wednesday,1.6,2.5,1.1,1.2,-9.5
2023-01-11 13:00:00,2023,1,11,13,0,Wednesday,1.6,2.0,0.8,1.2,-9.1
2023-01-11 14:00:00,2023,1,11,14,0,Wednesday,1.7,1.9,0.6,1.3,-8.7
2023-01-11 15:00:00,2023,1,11,15,0,Wednesday,1.7,1.6,0.6,1.4,-8.4
2023-01-11 16:00:00,2023,1,11,16,0,Wednesday,1.1,1.3,0.4,1.2,-7.3
2023-01-11 17:00:00,2023,1,11,17,0,Wednesday,0.9,2.1,0.5,0.7,-5.8
2023-01-11 18:00:00,2023,1,11,18,0,Wednesday,0.8,3.0,0.2,0.7,-4.4
2023-01-11 19:00:00,2023,1,11,19,0,Wednesday,0.8,3.0,-0.3,0.6,-2.8
2023-01-11 20:00:00,2023,1,11,20,0,Wednesday,0.9,3.5,-0.3,0.7,-1.1
2023-01-11 21:00:00,2023,1,11,21,0,Wednesday,0.9,3.4,-0.6,0.8,-0.4
2023-01-11 22:00:00,2023,1,11,22,0,Wednesday,0.8,3.4,-0.9,0.6,-0.2
2023-01-11 23:00:00,2023,1,11,23,0,Wednesday,0.7,3.5,-1.0,0.7,-0.1
2023-01-12 00:00:00,2023,1,12,0,0,Thursday,0.6,3.4,-1.0,0.8,0.0
2023-01-12 01:00:00,2023,1,12,1,0,Thursday,0.6,3.7,-1.0,0.5,0.2
2023-01-12 02:00:00,2023,1,12,2,0,Thursday,0.6,3.6,-1.2,0.7,0.2
2023-01-12 03:00:00,2023,1,12,3,0,Thursday,0.6,3.5,-1.2,0.6,0.2
2023-01-12 04:00:00,2023,1,12,4,0,Thursday,0.6,3.5,-1.4,0.5,0.5
2023-01-12 05:00:00,2023,1,12,5,0,Thursday,0.6,3.5,-1.9,0.4,0.6
2023-01-12 06:00:00,2023,1,12,6,0,Thursday,0.6,3.2,-2.1,0.4,0.9
2023-01-12 07:00:00,2023,1,12,7,0,Thursday,0.7,3.1,-2.2,0.3,0.9
2023-01-12 08:00:00,2023,1,12,8,0,Thursday,1.1,3.0,-2.5,0.4,1.0
2023-01-12 09:00:00,2023,1,12,9,0,Thursday,1.0,3.3,-2.7,0.4,1.0
2023-01-12 10:00:00,2023,1,12,10,0,Thursday,1.2,3.3,-2.5,0.6,1.1
2023-01-12 11:00:00,2023,1,12,11,0,Thursday,1.4,3.0,-2.6,0.7,1.0
2023-01-12 12:00:00,2023,1,12,12,0,Thursday,1.7,3.1,-2.6,0.6,0.9
2023-01-12 13:00:00,2023,1,12,13,0,Thursday,1.8,2.9,-2.8,0.7,0.9
2023-01-12 14:00:00,2023,1,12,14,0,Thursday,2.0,2.8,-2.6,0.8,0.6
2023-01-12 15:00:00,2023,1,12,15,0,Thursday,1.6,3.0,-2.4,0.9,0.8
2023-01-12 16:00:00,2023,1,12,16,0,Thursday,1.4,2.9,-2.5,0.9,0.7
2023-01-12 17:00:00,2023,1,12,17,0,Thursday,2.2,2.7,-2.1,1.1,0.9
2023-01-12 18:00:00,2023,1,12,18,0,Thursday,2.7,2.6,-2.1,1.4,0.6
2023-01-12 19:00:00,2023,1,12,19,0,Thursday,2.8,2.5,-1.8,1.6,0.2
2023-01-12 20:00:00,2023,1,12,20,0,Thursday,2.7,2.6,-1.7,1.3,0.3
2023-01-12 21:00:00,2023,1,12,21,0,Thursday,2.6,2.6,-1.3,0.9,0.5
2023-01-12 22:00:00,2023,1,12,22,0,Thursday,2.5,2.5,-1.0,1.1,0.4
2023-01-12 23:00:00,2023,1,12,23,0,Thursday,0.9,2.3,-0.9,1.5,0.5
2023-01-13 00:00:00,2023,1,13,0,0,Friday,0.6,2.4,-0.8,1.8,0.4
2023-01-13 00:00:00,2023,1,13,0,0,Friday,0.6,2.4,-0.8,1.8,0.4
2023-01-13 01:00:00,2023,1,13,1,0,Friday,0.3,1.8,-0.7,1.7,0.4
2023-01-13 02:00:00,2023,1,13,2,0,Friday,0.2,2.0,-0.5,1.5,0.2
2023-01-13 03:00:00,2023,1,13,3,0,Friday,0.1,1.9,-0.7,1.3,0.2
2023-01-13 04:00:00,2023,1,13,4,0,Friday,0.2,1.9,-0.9,1.2,0.1
2023-01-13 05:00:00,2023,1,13,5,0,Friday,0.1,1.8,-1.2,0.9,-0.1
2023-01-13 06:00:00,2023,1,13,6,0,Friday,0.1,2.0,-1.4,0.8,-0.3
2023-01-13 07:00:00,2023,1,13,7,0,Friday,0.3,2.0,-1.6,1.0,-0.4
2023-01-13 08:00:00,2023,1,13,8,0,Friday,0.4,1.8,-1.9,1.0,-0.4
2023-01-13 09:00:00,2023,1,13,9,0,Friday,0.8,1.8,-1.8,0.9,-0.6
2023-01-13 10:00:00,2023,1,13,10,0,Friday,1.1,2.3,-1.9,1.0,-0.9
2023-01-13 11:00:00,2023,1,13,11,0,Friday,1.5,2.6,-1.7,1.0,-0.9
2023-01-13 12:00:00,2023,1,13,12,0,Friday,1.7,2.6,-1.4,0.9,-0.9
2023-01-13 13:00:00,2023,1,13,13,0,Friday,2.0,2.4,-0.8,0.8,-0.9
2023-01-13 14:00:00,2023,1,13,14,0,Friday,1.8,2.2,-0.5,0.7,-0.8
2023-01-13 15:00:00,2023,1,13,15,0,Friday,2.0,2.0,-0.6,0.3,-0.8
2023-01-13 16:00:00,2023,1,13,16,0,Friday,2.8,1.7,-0.5,0.5,-0.9
2023-01-13 17:00:00,2023,1,13,17,0,Friday,3.0,1.8,-0.7,0.3,-0.9
2023-01-13 18:00:00,2023,1,13,18,0,Friday,3.2,1.6,-0.8,0.3,-1.1
2023-01-13 19:00:00,2023,1,13,19,0,Friday,3.3,0.4,-0.8,0.1,-1.3
2023-01-13 20:00:00,2023,1,13,20,0,Friday,3.1,0.4,-0.4,0.1,-1.2
2023-01-13 21:00:00,2023,1,13,21,0,Friday,3.1,0.3,-0.1,0.4,-1.2
2023-01-13 22:00:00,2023,1,13,22,0,Friday,3.0,0.6,0.0,0.8,-1.2
2023-01-13 23:00:00,2023,1,13,23,0,Friday,2.8,0.9,0.1,1.3,-1.3
2023-01-14 00:00:00,2023,1,14,0,0,Saturday,2.8,0.7,0.3,1.9,-1.4
2023-01-14 01:00:00,2023,1,14,1,0,Saturday,3.3,0.8,0.4,2.4,-1.4
2023-01-14 02:00:00,2023,1,14,2,0,Saturday,3.7,0.6,0.4,2.4,-1.0
2023-01-14 03:00:00,2023,1,14,3,0,Saturday,3.5,1.1,0.6,2.3,-0.9
2023-01-14 04:00:00,2023,1,14,4,0,Saturday,3.7,1.1,1.0,2.3,-0.7
2023-01-14 05:00:00,2023,1,14,5,0,Saturday,3.7,1.1,0.7,2.2,-0.7
2023-01-14 06:00:00,2023,1,14,6,0,Saturday,3.4,0.5,0.7,2.3,-0.6
2023-01-14 07:00:00,2023,1,14,7,0,Saturday,3.4,0.2,1.0,2.4,-0.6
2023-01-14 08:00:00,2023,1,14,8,0,Saturday,3.4,-0.1,1.1,2.4,-0.7
2023-01-14 09:00:00,2023,1,14,9,0,Saturday,3.4,-0.2,1.4,2.7,-0.7
2023-01-14 10:00:00,2023,1,14,10,0,Saturday,3.3,-0.1,1.6,2.7,-0.8
2023-01-14 11:00:00,2023,1,14,11,0,Saturday,3.4,-0.3,1.2,2.7,-0.8
2023-01-14 12:00:00,2023,1,14,12,0,Saturday,3.4,-0.3,1.3,2.6,-0.8
2023-01-14 13:00:00,2023,1,14,13,0,Saturday,3.5,-0.4,1.1,2.1,-1.0
2023-01-14 14:00:00,2023,1,14,14,0,Saturday,3.3,-0.4,0.4,2.1,-1.4
2023-01-14 15:00:00,2023,1,14,15,0,Saturday,3.4,-0.4,0.0,2.0,-1.9
2023-01-14 16:00:00,2023,1,14,16,0,Saturday,3.3,-0.5,0.2,2.0,-2.2
2023-01-14 17:00:00,2023,1,14,17,0,Saturday,3.2,-0.6,0.7,1.9,-2.7
2023-01-14 18:00:00,2023,1,14,18,0,Saturday,3.4,-0.7,1.0,1.9,-3.0
2023-01-14 19:00:00,2023,1,14,19,0,Saturday,3.2,-0.7,0.8,1.7,-4.0
2023-01-14 20:00:00,2023,1,14,20,0,Saturday,3.1,-0.6,0.7,1.5,-4.8
2023-01-14 21:00:00,2023,1,14,21,0,Saturday,3.1,-0.6,0.2,1.6,-5.0
2023-01-14 22:00:00,2023,1,14,22,0,Saturday,2.9,-0.4,0.7,1.3,-5.7
2023-01-14 23:00:00,2023,1,14,23,0,Saturday,2.8,-0.3,0.6,0.8,-6.0
2023-01-15 00:00:00,2023,1,15,0,0,Sunday,2.8,-0.1,0.5,0.9,-6.3
2023-01-15 01:00:00,2023,1,15,1,0,Sunday,2.8,-0.1,1.1,1.4,-6.1
2023-01-15 02:00:00,2023,1,15,2,0,Sunday,2.8,0.3,1.6,1.6,-5.6
2023-01-15 03:00:00,2023,1,15,3,0,Sunday,2.8,0.2,1.7,1.8,-5.1
2023-01-15 04:00:00,2023,1,15,4,0,Sunday,2.8,0.3,1.5,1.9,-4.9
2023-01-15 05:00:00,2023,1,15,5,0,Sunday,2.9,0.2,1.5,1.6,-4.6
2023-01-15 06:00:00,2023,1,15,6,0,Sunday,2.7,0.5,1.5,1.3,-4.2
2023-01-15 07:00:00,2023,1,15,7,0,Sunday,2.7,1.0,1.4,1.4,-3.9
2023-01-15 08:00:00,2023,1,15,8,0,Sunday,2.2,1.5,1.0,1.6,-3.6
2023-01-15 09:00:00,2023,1,15,9,0,Sunday,2.1,1.8,1.3,1.6,-3.4
2023-01-15 10:00:00,2023,1,15,10,0,Sunday,1.9,1.6,1.3,1.0,-3.1
2023-01-15 11:00:00,2023,1,15,11,0,Sunday,2.1,1.2,1.5,0.7,-2.6
2023-01-15 12:00:00,2023,1,15,12,0,Sunday,1.6,0.9,1.2,0.5,-1.9
2023-01-15 13:00:00,2023,1,15,13,0,Sunday,2.4,1.1,0.7,0.2,-1.3
2023-01-15 14:00:00,2023,1,15,14,0,Sunday,2.4,1.7,0.3,0.4,-0.7
2023-01-15 15:00:00,2023,1,15,15,0,Sunday,2.5,1.8,0.0,0.9,-0.3
2023-01-15 16:00:00,2023,1,15,16,0,Sunday,2.4,2.4,0.2,1.0,-0.3
2023-01-15 17:00:00,2023,1,15,17,0,Sunday,2.4,2.7,0.0,1.3,-0.2
2023-01-15 18:00:00,2023,1,15,18,0,Sunday,2.4,2.7,0.0,1.4,-0.1
2023-01-15 19:00:00,2023,1,15,19,0,Sunday,2.6,3.0,0.0,1.3,-0.2
2023-01-15 20:00:00,2023,1,15,20,0,Sunday,2.8,2.8,0.0,1.5,-0.2
2023-01-15 21:00:00,2023,1,15,21,0,Sunday,2.9,2.8,0.0,1.4,-0.2
2023-01-15 22:00:00,2023,1,15,22,0,Sunday,2.8,2.9,0.0,1.5,-0.2
2023-01-15 23:00:00,2023,1,15,23,0,Sunday,2.9,2.8,0.0,1.7,-0.1
2023-01-16 00:00:00,2023,1,16,0,0,Monday,3.0,2.8,0.2,0.8,-0.1
2023-01-16 00:00:00,2023,1,16,0,0,Monday,3.0,2.8,0.2,0.8,-0.1
2023-01-16 01:00:00,2023,1,16,1,0,Monday,2.5,2.8,0.3,1.2,0.0
2023-01-16 02:00:00,2023,1,16,2,0,Monday,2.5,2.6,0.3,1.2,0.0
2023-01-16 03:00:00,2023,1,16,3,0,Monday,2.4,2.1,0.3,1.2,0.3
2023-01-16 04:00:00,2023,1,16,4,0,Monday,2.8,1.9,0.1,1.3,0.3
2023-01-16 05:00:00,2023,1,16,5,0,Monday,2.6,1.7,0.2,1.1,0.2
2023-01-16 06:00:00,2023,1,16,6,0,Monday,2.5,1.5,0.4,1.3,0.3
2023-01-16 07:00:00,2023,1,16,7,0,Monday,2.6,1.3,0.4,1.2,0.3
2023-01-16 08:00:00,2023,1,16,8,0,Monday,3.1,2.0,0.7,1.2,0.2
2023-01-16 09:00:00,2023,1,16,9,0,Monday,3.3,2.1,0.7,1.4,0.0
2023-01-16 10:00:00,2023,1,16,10,0,Monday,3.2,1.7,0.5,1.5,0.0
2023-01-16 11:00:00,2023,1,16,11,0,Monday,2.9,1.6,0.4,1.8,-0.1
2023-01-16 12:00:00,2023,1,16,12,0,Monday,3.0,1.7,0.6,1.9,-0.1
2023-01-16 13:00:00,2023,1,16,13,0,Monday,2.1,1.7,0.8,1.8,-0.1
2023-01-16 14:00:00,2023,1,16,14,0,Monday,2.0,1.5,1.2,1.5,0.0
2023-01-16 15:00:00,2023,1,16,15,0,Monday,2.3,0.0,1.2,0.7,-0.1
2023-01-16 16:00:00,2023,1,16,16,0,Monday,3.2,-0.7,1.3,0.9,-0.1
2023-01-16 17:00:00,2023,1,16,17,0,Monday,3.0,-1.1,1.5,0.7,0.0
2023-01-16 18:00:00,2023,1,16,18,0,Monday,3.0,-1.6,1.3,0.4,0.0
2023-01-16 19:00:00,2023,1,16,19,0,Monday,2.9,-1.7,1.3,0.0,0.1
2023-01-16 20:00:00,2023,1,16,20,0,Monday,2.9,-1.6,1.3,-0.4,-0.2
2023-01-16 21:00:00,2023,1,16,21,0,Monday,2.7,-0.6,1.3,-0.6,-0.2
2023-01-16 22:00:00,2023,1,16,22,0,Monday,2.6,-0.5,0.9,-0.5,-0.4
2023-01-16 23:00:00,2023,1,16,23,0,Monday,2.7,-0.7,0.6,-0.5,-0.8
2023-01-17 00:00:00,2023,1,17,0,0,Tuesday,2.4,-0.5,0.9,-0.2,-2.0
2023-01-17 01:00:00,2023,1,17,1,0,Tuesday,1.9,-0.6,0.8,-0.2,-3.9
2023-01-17 02:00:00,2023,1,17,2,0,Tuesday,1.3,-0.8,0.5,-0.1,-5.1
2023-01-17 03:00:00,2023,1,17,3,0,Tuesday,1.5,-0.4,0.0,0.2,-4.8
2023-01-17 04:00:00,2023,1,17,4,0,Tuesday,1.3,0.3,0.0,0.1,-4.0
2023-01-17 05:00:00,2023,1,17,5,0,Tuesday,1.1,-0.1,0.3,0.3,-3.3
2023-01-17 06:00:00,2023,1,17,6,0,Tuesday,0.3,-0.1,-0.1,0.2,-3.6
2023-01-17 07:00:00,2023,1,17,7,0,Tuesday,0.5,-1.0,0.5,0.1,-4.1
2023-01-17 08:00:00,2023,1,17,8,0,Tuesday,0.8,0.5,0.5,0.3,-4.2
2023-01-17 09:00:00,2023,1,17,9,0,Tuesday,1.3,0.6,0.4,0.4,-4.0
2023-01-17 10:00:00,2023,1,17,10,0,Tuesday,1.3,0.9,0.5,0.4,-3.5
2023-01-17 11:00:00,2023,1,17,11,0,Tuesday,1.2,0.6,0.5,0.2,-3.2
2023-01-17 12:00:00,2023,1,17,12,0,Tuesday,0.7,0.4,0.5,0.3,-2.9
2023-01-17 13:00:00,2023,1,17,13,0,Tuesday,0.3,0.2,0.6,0.2,-2.7
2023-01-17 14:00:00,2023,1,17,14,0,Tuesday,0.1,0.6,0.3,0.3,-2.3
2023-01-17 15:00:00,2023,1,17,15,0,Tuesday,-0.1,0.3,0.1,0.3,-2.2
2023-01-17 16:00:00,2023,1,17,16,0,Tuesday,-0.1,0.6,-0.3,0.3,-2.2
2023-01-17 17:00:00,2023,1,17,17,0,Tuesday,-0.2,0.6,-0.5,-0.3,-2.1
2023-01-17 18:00:00,2023,1,17,18,0,Tuesday,-0.2,0.9,-0.8,-0.1,-2.2
2023-01-17 19:00:00,2023,1,17,19,0,Tuesday,0.0,0.3,-0.7,-0.9,-2.5
2023-01-17 20:00:00,2023,1,17,20,0,Tuesday,0.2,-0.1,-0.9,-0.9,-2.9
2023-01-17 21:00:00,2023,1,17,21,0,Tuesday,0.3,0.1,-1.0,-0.8,-3.3
2023-01-17 22:00:00,2023,1,17,22,0,Tuesday,0.4,0.3,-0.9,-0.9,-3.4
2023-01-17 23:00:00,2023,1,17,23,0,Tuesday,0.7,0.2,-1.2,-1.0,-3.7
2023-01-18 00:00:00,2023,1,18,0,0,Wednesday,0.9,0.3,-1.4,-1.0,-4.1
2023-01-18 01:00:00,2023,1,18,1,0,Wednesday,0.7,0.2,-1.5,-0.9,-4.4
2023-01-18 02:00:00,2023,1,18,2,0,Wednesday,1.1,0.0,-1.3,-0.9,-4.6
2023-01-18 03:00:00,2023,1,18,3,0,Wednesday,1.3,0.1,-1.0,-0.9,-4.5
2023-01-18 04:00:00,2023,1,18,4,0,Wednesday,0.7,-0.1,-1.1,-0.8,-4.4
2023-01-18 05:00:00,2023,1,18,5,0,Wednesday,1.2,-0.1,-1.2,-0.6,-4.0
2023-01-18 06:00:00,2023,1,18,6,0,Wednesday,1.7,-0.1,-1.2,-0.6,-3.7
2023-01-18 07:00:00,2023,1,18,7,0,Wednesday,2.0,0.0,-1.0,-0.4,-3.5
2023-01-18 08:00:00,2023,1,18,8,0,Wednesday,2.0,0.2,-0.5,-0.2,-3.5
2023-01-18 09:00:00,2023,1,18,9,0,Wednesday,2.6,0.1,-0.1,0.1,-3.3
2023-01-18 10:00:00,2023,1,18,10,0,Wednesday,2.2,0.5,0.0,0.2,-3.1
2023-01-18 11:00:00,2023,1,18,11,0,Wednesday,2.3,0.9,0.1,0.6,-3.1
2023-01-18 12:00:00,2023,1,18,12,0,Wednesday,2.2,1.6,0.1,0.7,-3.2
2023-01-18 13:00:00,2023,1,18,13,0,Wednesday,2.3,1.4,0.3,0.6,-3.2
2023-01-18 14:00:00,2023,1,18,14,0,Wednesday,2.0,1.5,0.3,0.6,-3.3
2023-01-18 15:00:00,2023,1,18,15,0,Wednesday,1.3,1.3,0.3,0.4,-3.4
2023-01-18 16:00:00,2023,1,18,16,0,Wednesday,1.3,1.6,0.3,0.1,-3.4
2023-01-18 17:00:00,2023,1,18,17,0,Wednesday,1.3,1.6,0.2,0.0,-3.1
2023-01-18 18:00:00,2023,1,18,18,0,Wednesday,0.7,1.1,0.1,0.0,-2.6
2023-01-18 19:00:00,2023,1,18,19,0,Wednesday,0.7,0.4,0.3,0.2,-1.6
2023-01-18 20:00:00,2023,1,18,20,0,Wednesday,0.8,1.0,0.4,0.1,-0.4
2023-01-18 21:00:00,2023,1,18,21,0,Wednesday,0.7,0.9,0.4,0.3,-0.3
2023-01-18 22:00:00,2023,1,18,22,0,Wednesday,0.5,0.3,0.4,0.0,-0.5
2023-01-18 23:00:00,2023,1,18,23,0,Wednesday,0.6,-0.9,0.4,0.2,-0.3
2023-01-19 00:00:00,2023,1,19,0,0,Thursday,0.6,0.2,0.3,0.0,-0.5
2023-01-19 00:00:00,2023,1,19,0,0,Thursday,0.6,0.2,0.3,0.0,-0.5
2023-01-19 01:00:00,2023,1,19,1,0,Thursday,0.5,0.2,0.2,0.0,-0.6
2023-01-19 02:00:00,2023,1,19,2,0,Thursday,0.5,-0.5,0.3,-0.1,-1.0
2023-01-19 03:00:00,2023,1,19,3,0,Thursday,0.1,-0.7,0.3,-0.2,-1.2
2023-01-19 04:00:00,2023,1,19,4,0,Thursday,0.1,-1.4,0.2,-0.1,-1.4
2023-01-19 05:00:00,2023,1,19,5,0,Thursday,0.1,-3.1,0.1,-0.2,-1.7
2023-01-19 06:00:00,2023,1,19,6,0,Thursday,0.2,-2.6,0.0,-0.3,-1.9
2023-01-19 07:00:00,2023,1,19,7,0,Thursday,0.1,-3.9,-0.1,-0.3,-1.8
2023-01-19 08:00:00,2023,1,19,8,0,Thursday,0.1,-3.7,-0.1,-0.3,-1.9
2023-01-19 09:00:00,2023,1,19,9,0,Thursday,0.0,-4.3,-0.1,-0.3,-2.0
2023-01-19 10:00:00,2023,1,19,10,0,Thursday,0.6,-4.1,-0.1,-0.4,-2.0
2023-01-19 11:00:00,2023,1,19,11,0,Thursday,0.8,-3.8,0.0,-0.5,-2.0
2023-01-19 12:00:00,2023,1,19,12,0,Thursday,0.7,-3.2,0.2,-0.5,-1.9
2023-01-19 13:00:00,2023,1,19,13,0,Thursday,0.5,-2.8,0.1,-0.3,-2.0
2023-01-19 14:00:00,2023,1,19,14,0,Thursday,0.4,-2.6,0.1,-0.7,-2.3
2023-01-19 15:00:00,2023,1,19,15,0,Thursday,0.7,-1.9,0.1,-0.8,-2.6
2023-01-19 16:00:00,2023,1,19,16,0,Thursday,0.7,-1.6,-0.1,-0.8,-3.4
2023-01-19 17:00:00,2023,1,19,17,0,Thursday,-0.6,-0.7,-0.1,-1.0,-4.3
2023-01-19 18:00:00,2023,1,19,18,0,Thursday,0.1,-1.0,-0.1,-1.2,-4.0
2023-01-19 19:00:00,2023,1,19,19,0,Thursday,0.0,-0.2,-0.1,-1.3,-3.5
2023-01-19 20:00:00,2023,1,19,20,0,Thursday,-0.6,-0.9,-0.1,-1.7,-3.6
2023-01-19 21:00:00,2023,1,19,21,0,Thursday,-2.6,-0.3,-0.4,-2.7,-3.9
2023-01-19 22:00:00,2023,1,19,22,0,Thursday,-1.6,-0.1,-1.0,-1.1,-3.9
2023-01-19 23:00:00,2023,1,19,23,0,Thursday,-0.7,-0.3,-1.6,-1.8,-3.8
2023-01-20 00:00:00,2023,1,20,0,0,Friday,-0.8,-1.2,-1.6,-1.7,-3.4
2023-01-20 01:00:00,2023,1,20,1,0,Friday,-0.8,-0.4,-2.1,-1.2,-3.2
2023-01-20 02:00:00,2023,1,20,2,0,Friday,-0.7,0.2,-2.3,-1.3,-3.1
2023-01-20 03:00:00,2023,1,20,3,0,Friday,-0.8,0.3,-1.8,-1.1,-2.9
2023-01-20 04:00:00,2023,1,20,4,0,Friday,-0.8,0.4,-1.7,-1.2,-3.2
2023-01-20 05:00:00,2023,1,20,5,0,Friday,-0.8,0.4,-1.6,-1.3,-3.0
2023-01-20 06:00:00,2023,1,20,6,0,Friday,-0.9,0.4,-1.8,-1.4,-3.2
2023-01-20 07:00:00,2023,1,20,7,0,Friday,-0.8,0.3,-1.7,-2.1,-3.0
2023-01-20 08:00:00,2023,1,20,8,0,Friday,-1.1,0.1,-1.7,-3.8,-2.8
2023-01-20 09:00:00,2023,1,20,9,0,Friday,-0.8,0.1,-1.6,-2.5,-2.4
2023-01-20 10:00:00,2023,1,20,10,0,Friday,-0.2,0.1,-1.4,-2.5,-2.1
2023-01-20 11:00:00,2023,1,20,11,0,Friday,0.1,0.0,-1.3,-2.2,-2.4
2023-01-20 12:00:00,2023,1,20,12,0,Friday,0.0,0.0,-1.3,-2.0,-2.4
2023-01-20 13:00:00,2023,1,20,13,0,Friday,-0.8,-0.2,-1.4,-2.3,-2.4
2023-01-20 14:00:00,2023,1,20,14,0,Friday,-0.8,-0.4,-1.7,-3.5,-2.6
2023-01-20 15:00:00,2023,1,20,15,0,Friday,-1.1,-0.2,-2.4,-5.2,-2.8
2023-01-20 16:00:00,2023,1,20,16,0,Friday,-1.0,-0.2,-2.8,-8.3,-3.3
2023-01-20 17:00:00,2023,1,20,17,0,Friday,-2.0,-0.7,-3.2,-9.0,-3.7
2023-01-20 18:00:00,2023,1,20,18,0,Friday,-2.3,-1.0,-2.9,-10.1,-3.4
2023-01-20 19:00:00,2023,1,20,19,0,Friday,-3.0,-0.4,-3.4,-9.3,-3.3
2023-01-20 20:00:00,2023,1,20,20,0,Friday,-4.5,-0.2,-3.3,-8.6,-3.1
2023-01-20 21:00:00,2023,1,20,21,0,Friday,-6.3,-0.4,-3.5,-8.1,-3.1
2023-01-20 22:00:00,2023,1,20,22,0,Friday,-7.1,-0.8,-3.3,-3.3,-3.1
2023-01-20 23:00:00,2023,1,20,23,0,Friday,-7.2,-0.4,-3.1,-3.5,-3.1
2023-01-21 00:00:00,2023,1,21,0,0,Saturday,-7.9,0.3,-3.1,-3.9,-3.3
2023-01-21 01:00:00,2023,1,21,1,0,Saturday,-8.5,0.4,-3.0,-3.4,-3.4
2023-01-21 02:00:00,2023,1,21,2,0,Saturday,-8.8,-1.0,-3.2,-2.9,-3.8
2023-01-21 03:00:00,2023,1,21,3,0,Saturday,-9.2,-2.0,-3.8,-2.4,-4.4
2023-01-21 04:00:00,2023,1,21,4,0,Saturday,-9.5,-2.0,-4.6,-2.5,-4.5
2023-01-21 05:00:00,2023,1,21,5,0,Saturday,-10.5,-2.9,-4.9,-2.6,-4.8
2023-01-21 06:00:00,2023,1,21,6,0,Saturday,-9.7,-2.5,-5.0,-2.7,-5.1
2023-01-21 07:00:00,2023,1,21,7,0,Saturday,-10.0,-2.8,-4.7,-2.5,-5.4
2023-01-21 08:00:00,2023,1,21,8,0,Saturday,-8.8,-3.1,-4.2,-2.5,-6.4
2023-01-21 09:00:00,2023,1,21,9,0,Saturday,-6.8,-2.8,-4.2,-1.9,-7.1
2023-01-21 10:00:00,2023,1,21,10,0,Saturday,-5.9,-1.8,-4.0,-1.6,-7.8
2023-01-21 11:00:00,2023,1,21,11,0,Saturday,-4.8,-0.6,-3.9,-1.4,-8.2
2023-01-21 12:00:00,2023,1,21,12,0,Saturday,-4.9,-0.6,-3.5,-1.5,-9.0
2023-01-21 13:00:00,2023,1,21,13,0,Saturday,-5.7,-1.5,-3.4,-1.9,-9.3
2023-01-21 14:00:00,2023,1,21,14,0,Saturday,-6.5,-1.7,-3.4,-1.9,-8.9
2023-01-21 15:00:00,2023,1,21,15,0,Saturday,-5.7,-1.8,-3.4,-1.8,-8.8
2023-01-21 16:00:00,2023,1,21,16,0,Saturday,-4.6,-1.1,-3.3,-1.8,-8.8
2023-01-21 17:00:00,2023,1,21,17,0,Saturday,-4.7,-1.3,-3.3,-1.8,-9.0
2023-01-21 18:00:00,2023,1,21,18,0,Saturday,-5.2,-1.6,-3.1,-2.1,-9.7
2023-01-21 19:00:00,2023,1,21,19,0,Saturday,-5.1,-1.2,-2.8,-2.7,-9.1
2023-01-21 20:00:00,2023,1,21,20,0,Saturday,-4.8,-1.1,-3.0,-2.3,-9.2
2023-01-21 21:00:00,2023,1,21,21,0,Saturday,-4.4,-0.9,-3.1,-2.7,-9.3
2023-01-21 22:00:00,2023,1,21,22,0,Saturday,-4.3,-0.9,-3.1,-2.9,-8.3
2023-01-21 23:00:00,2023,1,21,23,0,Saturday,-4.1,-1.0,-3.4,-3.1,-7.2
2023-01-22 00:00:00,2023,1,22,0,0,Sunday,-4.1,-1.2,-3.5,-3.4,-5.1
2023-01-22 00:00:00,2023,1,22,0,0,Sunday,-4.1,-1.2,-3.5,-3.4,-5.1
2023-01-22 01:00:00,2023,1,22,1,0,Sunday,-4.1,-1.5,-3.6,-3.6,-4.3
2023-01-22 02:00:00,2023,1,22,2,0,Sunday,-4.3,-1.9,-3.8,-3.9,-3.6
2023-01-22 03:00:00,2023,1,22,3,0,Sunday,-4.6,-2.1,-4.1,-4.1,-3.5
2023-01-22 04:00:00,2023,1,22,4,0,Sunday,-4.9,-2.2,-4.2,-4.3,-2.8
2023-01-22 05:00:00,2023,1,22,5,0,Sunday,-5.1,-2.4,-4.5,-4.4,-2.4
2023-01-22 06:00:00,2023,1,22,6,0,Sunday,-5.1,-2.5,-4.8,-4.8,-2.3
2023-01-22 07:00:00,2023,1,22,7,0,Sunday,-5.1,-2.6,-5.1,-5.0,-2.4
2023-01-22 08:00:00,2023,1,22,8,0,Sunday,-4.9,-2.7,-5.0,-5.0,-2.2
2023-01-22 09:00:00,2023,1,22,9,0,Sunday,-5.3,-2.5,-5.4,-5.2,-2.3
2023-01-22 10:00:00,2023,1,22,10,0,Sunday,-5.6,-2.1,-5.3,-4.9,-2.4
2023-01-22 11:00:00,2023,1,22,11,0,Sunday,-5.3,-2.1,-5.4,-5.0,-2.4
2023-01-22 12:00:00,2023,1,22,12,0,Sunday,-5.5,-2.3,-5.6,-5.1,-2.5
2023-01-22 13:00:00,2023,1,22,13,0,Sunday,-5.5,-2.3,-6.0,-5.3,-2.7
2023-01-22 14:00:00,2023,1,22,14,0,Sunday,-5.9,-2.3,-6.4,-5.8,-2.6
2023-01-22 15:00:00,2023,1,22,15,0,Sunday,-5.7,-2.0,-6.6,-5.9,-2.5
2023-01-22 16:00:00,2023,1,22,16,0,Sunday,-5.7,-2.0,-6.8,-6.4,-2.6
2023-01-22 17:00:00,2023,1,22,17,0,Sunday,-5.5,-1.9,-7.3,-6.7,-2.7
2023-01-22 18:00:00,2023,1,22,18,0,Sunday,-5.2,-1.7,-7.2,-6.8,-2.7
2023-01-22 19:00:00,2023,1,22,19,0,Sunday,-5.1,-1.8,-7.2,-7.0,-3.0
2023-01-22 20:00:00,2023,1,22,20,0,Sunday,-5.2,-1.7,-7.5,-7.2,-3.6
2023-01-22 21:00:00,2023,1,22,21,0,Sunday,-5.1,-1.7,-7.5,-7.3,-4.1
2023-01-22 22:00:00,2023,1,22,22,0,Sunday,-4.9,-1.6,-7.7,-7.8,-4.6
2023-01-22 23:00:00,2023,1,22,23,0,Sunday,-4.6,-1.6,-7.6,-8.3,-4.9
2023-01-23 00:00:00,2023,1,23,0,0,Monday,-4.5,-1.7,-7.9,-9.0,-5.1
2023-01-23 01:00:00,2023,1,23,1,0,Monday,-4.4,-1.5,-8.1,-8.9,-4.7
2023-01-23 02:00:00,2023,1,23,2,0,Monday,-4.2,-1.7,-8.3,-8.8,-4.7
2023-01-23 03:00:00,2023,1,23,3,0,Monday,-4.2,-1.8,-8.3,-8.7,-4.5
2023-01-23 04:00:00,2023,1,23,4,0,Monday,-3.8,-1.6,-8.6,-8.8,-4.3
2023-01-23 05:00:00,2023,1,23,5,0,Monday,-4.0,-1.8,-8.6,-8.8,-3.9
2023-01-23 06:00:00,2023,1,23,6,0,Monday,-3.8,-1.7,-8.5,-8.7,-3.3
2023-01-23 07:00:00,2023,1,23,7,0,Monday,-3.7,-1.1,-8.3,-8.3,-3.2
2023-01-23 08:00:00,2023,1,23,8,0,Monday,-3.9,-0.5,-8.0,-7.9,-3.1
2023-01-23 09:00:00,2023,1,23,9,0,Monday,-4.3,-0.3,-7.9,-7.4,-2.9
2023-01-23 10:00:00,2023,1,23,10,0,Monday,-4.3,-0.1,-7.8,-7.2,-2.9
2023-01-23 11:00:00,2023,1,23,11,0,Monday,-4.0,-0.6,-7.9,-6.7,-2.8
2023-01-23 12:00:00,2023,1,23,12,0,Monday,-3.5,-1.0,-8.2,-6.1,-2.7
2023-01-23 13:00:00,2023,1,23,13,0,Monday,-3.1,-1.6,-8.1,-5.7,-2.4
2023-01-23 14:00:00,2023,1,23,14,0,Monday,-2.7,-1.9,-8.1,-5.5,-1.9
2023-01-23 15:00:00,2023,1,23,15,0,Monday,-2.1,-2.1,-8.6,-5.0,-1.6
2023-01-23 16:00:00,2023,1,23,16,0,Monday,-1.9,-2.1,-9.0,-4.5,-1.8
2023-01-23 17:00:00,2023,1,23,17,0,Monday,-1.5,-2.0,-9.5,-4.2,-1.8
2023-01-23 18:00:00,2023,1,23,18,0,Monday,-1.3,-1.7,-8.9,-3.8,-1.8
2023-01-23 19:00:00,2023,1,23,19,0,Monday,-0.6,-1.3,-7.9,-3.5,-1.8
2023-01-23 20:00:00,2023,1,23,20,0,Monday,-0.3,-1.0,-7.2,-3.2,-1.8
2023-01-23 21:00:00,2023,1,23,21,0,Monday,-0.6,-0.5,-6.7,-3.0,-1.8
2023-01-23 22:00:00,2023,1,23,22,0,Monday,-0.8,-0.3,-6.4,-3.1,-1.8
2023-01-23 23:00:00,2023,1,23,23,0,Monday,-0.7,0.0,-5.9,-3.3,-1.6
2023-01-24 00:00:00,2023,1,24,0,0,Tuesday,-0.9,0.3,-5.4,-3.6,-1.7
2023-01-24 01:00:00,2023,1,24,1,0,Tuesday,-0.9,0.2,-5.0,-3.8,-1.7
2023-01-24 02:00:00,2023,1,24,2,0,Tuesday,-1.7,0.4,-4.6,-3.7,-1.5
2023-01-24 03:00:00,2023,1,24,3,0,Tuesday,-1.7,0.2,-4.2,-3.7,-1.3
2023-01-24 04:00:00,2023,1,24,4,0,Tuesday,-1.5,0.0,-3.7,-3.7,-1.3
2023-01-24 05:00:00,2023,1,24,5,0,Tuesday,-0.9,-0.1,-3.5,-3.0,-1.4
2023-01-24 06:00:00,2023,1,24,6,0,Tuesday,-0.2,-0.9,-3.3,-2.7,-1.9
2023-01-24 07:00:00,2023,1,24,7,0,Tuesday,0.0,-1.6,-3.4,-2.2,-2.3
2023-01-24 08:00:00,2023,1,24,8,0,Tuesday,-0.3,-1.6,-3.4,-1.7,-3.5
2023-01-24 09:00:00,2023,1,24,9,0,Tuesday,-0.1,-1.6,-3.2,-1.2,-4.5
2023-01-24 10:00:00,2023,1,24,10,0,Tuesday,0.0,-0.5,-3.0,-0.6,-4.8
2023-01-24 11:00:00,2023,1,24,11,0,Tuesday,0.2,-0.7,-2.7,-0.2,-5.6
2023-01-24 12:00:00,2023,1,24,12,0,Tuesday,0.2,-0.3,-2.4,0.0,-5.7
2023-01-24 13:00:00,2023,1,24,13,0,Tuesday,0.1,-0.9,-2.2,-0.1,-6.4
2023-01-24 14:00:00,2023,1,24,14,0,Tuesday,0.1,-1.3,-2.0,-0.2,-5.9
2023-01-24 15:00:00,2023,1,24,15,0,Tuesday,0.0,-2.8,-1.8,-0.1,-6.4
2023-01-24 16:00:00,2023,1,24,16,0,Tuesday,-0.1,-0.3,-1.7,0.0,-7.2
2023-01-24 17:00:00,2023,1,24,17,0,Tuesday,-0.2,0.1,-1.7,0.0,-6.7
2023-01-24 18:00:00,2023,1,24,18,0,Tuesday,-0.2,0.2,-1.7,0.0,-6.5
2023-01-24 19:00:00,2023,1,24,19,0,Tuesday,0.0,0.2,-1.8,0.0,-5.9
2023-01-24 20:00:00,2023,1,24,20,0,Tuesday,0.2,0.3,-1.9,0.1,-5.4
2023-01-24 21:00:00,2023,1,24,21,0,Tuesday,0.5,0.9,-1.6,0.0,-5.2
2023-01-24 22:00:00,2023,1,24,22,0,Tuesday,0.6,1.3,-1.7,-0.1,-3.5
2023-01-24 23:00:00,2023,1,24,23,0,Tuesday,0.8,1.8,-1.2,-0.3,-2.2
2023-01-25 00:00:00,2023,1,25,0,0,Wednesday,0.9,1.9,-0.7,-0.5,-1.5
2023-01-25 00:00:00,2023,1,25,0,0,Wednesday,0.9,1.9,-0.7,-0.5,-1.5
2023-01-25 01:00:00,2023,1,25,1,0,Wednesday,1.2,2.1,-0.5,-0.6,-0.9
2023-01-25 02:00:00,2023,1,25,2,0,Wednesday,1.3,1.8,-0.6,-0.5,-0.2
2023-01-25 03:00:00,2023,1,25,3,0,Wednesday,1.4,2.1,-0.7,-0.4,0.1
2023-01-25 04:00:00,2023,1,25,4,0,Wednesday,1.4,2.6,-0.7,-0.2,0.4
2023-01-25 05:00:00,2023,1,25,5,0,Wednesday,1.5,2.8,-0.6,0.1,1.0
2023-01-25 06:00:00,2023,1,25,6,0,Wednesday,2.0,2.9,-0.3,0.4,1.4
2023-01-25 07:00:00,2023,1,25,7,0,Wednesday,2.1,3.1,-0.2,0.5,1.7
2023-01-25 08:00:00,2023,1,25,8,0,Wednesday,2.2,2.9,0.1,0.7,1.8
2023-01-25 09:00:00,2023,1,25,9,0,Wednesday,2.3,3.3,0.5,0.9,2.0
2023-01-25 10:00:00,2023,1,25,10,0,Wednesday,2.5,4.1,0.7,1.2,2.0
2023-01-25 11:00:00,2023,1,25,11,0,Wednesday,2.6,4.4,0.6,1.7,2.1
2023-01-25 12:00:00,2023,1,25,12,0,Wednesday,2.8,4.8,0.6,2.1,2.0
2023-01-25 13:00:00,2023,1,25,13,0,Wednesday,2.8,3.8,0.7,2.7,1.7
2023-01-25 14:00:00,2023,1,25,14,0,Wednesday,2.4,7.9,0.8,3.0,1.8
2023-01-25 15:00:00,2023,1,25,15,0,Wednesday,2.7,4.2,1.1,3.1,0.5
2023-01-25 16:00:00,2023,1,25,16,0,Wednesday,2.8,4.1,1.3,3.3,-0.6
2023-01-25 17:00:00,2023,1,25,17,0,Wednesday,2.3,3.6,1.6,3.2,-1.1
2023-01-25 18:00:00,2023,1,25,18,0,Wednesday,2.4,3.4,2.2,3.3,-2.0
2023-01-25 19:00:00,2023,1,25,19,0,Wednesday,2.6,3.3,2.6,3.2,-2.9
2023-01-25 20:00:00,2023,1,25,20,0,Wednesday,2.1,5.6,2.9,3.0,-3.8
2023-01-25 21:00:00,2023,1,25,21,0,Wednesday,2.5,4.5,3.0,3.0,-4.2
2023-01-25 22:00:00,2023,1,25,22,0,Wednesday,2.5,2.9,2.7,2.7,-4.5
2023-01-25 23:00:00,2023,1,25,23,0,Wednesday,2.5,2.3,2.9,2.5,-5.8
2023-01-26 00:00:00,2023,1,26,0,0,Thursday,2.5,2.0,2.9,2.4,-5.8
2023-01-26 01:00:00,2023,1,26,1,0,Thursday,2.4,1.7,2.7,2.1,-5.8
2023-01-26 02:00:00,2023,1,26,2,0,Thursday,2.6,2.0,2.5,2.0,-6.4
2023-01-26 03:00:00,2023,1,26,3,0,Thursday,2.4,1.7,2.3,1.7,-5.8
2023-01-26 04:00:00,2023,1,26,4,0,Thursday,2.3,0.1,2.0,1.5,-7.1
2023-01-26 05:00:00,2023,1,26,5,0,Thursday,2.3,-1.1,1.9,1.5,-7.9
2023-01-26 06:00:00,2023,1,26,6,0,Thursday,2.2,0.8,1.5,1.4,-7.5
2023-01-26 07:00:00,2023,1,26,7,0,Thursday,2.4,0.3,1.3,1.0,-8.2
2023-01-26 08:00:00,2023,1,26,8,0,Thursday,2.2,-0.1,1.2,0.8,-8.6
2023-01-26 09:00:00,2023,1,26,9,0,Thursday,2.6,-0.2,1.0,0.1,-8.6
2023-01-26 10:00:00,2023,1,26,10,0,Thursday,2.7,0.2,0.5,0.2,-8.1
2023-01-26 11:00:00,2023,1,26,11,0,Thursday,2.6,0.3,0.4,0.2,-8.4
2023-01-26 12:00:00,2023,1,26,12,0,Thursday,2.4,0.2,0.3,0.3,-7.6
2023-01-26 13:00:00,2023,1,26,13,0,Thursday,1.9,-0.7,0.0,-0.3,-7.0
2023-01-26 14:00:00,2023,1,26,14,0,Thursday,1.4,-0.7,-1.5,-0.9,-6.3
2023-01-26 15:00:00,2023,1,26,15,0,Thursday,1.1,-2.5,-1.7,-0.7,-5.9
2023-01-26 16:00:00,2023,1,26,16,0,Thursday,0.8,-3.2,-2.8,-0.8,-6.1
2023-01-26 17:00:00,2023,1,26,17,0,Thursday,0.1,-2.6,-3.0,-2.5,-5.6
2023-01-26 18:00:00,2023,1,26,18,0,Thursday,0.3,-2.8,-3.6,-2.9,-6.2
2023-01-26 19:00:00,2023,1,26,19,0,Thursday,0.1,-3.4,-4.2,-4.8,-7.8
2023-01-26 20:00:00,2023,1,26,20,0,Thursday,0.0,-3.2,-4.8,-3.8,-7.3
2023-01-26 21:00:00,2023,1,26,21,0,Thursday,-0.2,-5.1,-5.6,-4.1,-7.9
2023-01-26 22:00:00,2023,1,26,22,0,Thursday,-0.7,-5.0,-6.3,-4.8,-8.0
2023-01-26 23:00:00,2023,1,26,23,0,Thursday,-1.1,-5.8,-6.2,-6.7,-8.6
2023-01-27 00:00:00,2023,1,27,0,0,Friday,-2.3,-6.6,-5.8,-6.5,-10.1
2023-01-27 01:00:00,2023,1,27,1,0,Friday,-2.8,-6.3,-5.4,-5.3,-11.0
2023-01-27 02:00:00,2023,1,27,2,0,Friday,-3.6,-6.5,-5.4,-9.2,-11.4
2023-01-27 03:00:00,2023,1,27,3,0,Friday,-4.1,-5.9,-5.6,-8.5,-11.4
2023-01-27 04:00:00,2023,1,27,4,0,Friday,-4.8,-5.5,-5.5,-8.1,-11.3
2023-01-27 05:00:00,2023,1,27,5,0,Friday,-5.1,-5.9,-5.8,-9.5,-11.0
2023-01-27 06:00:00,2023,1,27,6,0,Friday,-6.1,-5.8,-6.0,-10.3,-11.2
2023-01-27 07:00:00,2023,1,27,7,0,Friday,-6.3,-5.0,-6.3,-10.9,-11.7
2023-01-27 08:00:00,2023,1,27,8,0,Friday,-5.5,-4.9,-6.2,-11.5,-11.0
2023-01-27 09:00:00,2023,1,27,9,0,Friday,-4.4,-3.9,-6.1,-10.8,-10.7
2023-01-27 10:00:00,2023,1,27,10,0,Friday,-3.6,-2.1,-6.2,-8.8,-10.2
2023-01-27 11:00:00,2023,1,27,11,0,Friday,-2.6,-1.0,-5.8,-7.1,-9.7
2023-01-27 12:00:00,2023,1,27,12,0,Friday,-2.0,-0.8,-5.8,-5.2,-9.1
2023-01-27 13:00:00,2023,1,27,13,0,Friday,-1.7,-0.6,-6.0,-4.9,-8.3
2023-01-27 14:00:00,2023,1,27,14,0,Friday,-2.1,-1.3,-7.1,-5.7,-7.2
2023-01-27 15:00:00,2023,1,27,15,0,Friday,-4.1,-1.6,-7.5,-7.3,-6.1
2023-01-27 16:00:00,2023,1,27,16,0,Friday,-4.4,-1.9,-9.0,-8.1,-5.3
2023-01-27 17:00:00,2023,1,27,17,0,Friday,-5.2,-1.1,-8.1,-5.2,-4.4
2023-01-27 18:00:00,2023,1,27,18,0,Friday,-5.7,-1.1,-9.7,-5.1,-3.6
2023-01-27 19:00:00,2023,1,27,19,0,Friday,-6.5,-1.0,-8.8,-4.6,-3.0
2023-01-27 20:00:00,2023,1,27,20,0,Friday,-7.2,-1.0,-9.6,-4.1,-2.5
2023-01-27 21:00:00,2023,1,27,21,0,Friday,-8.7,-0.8,-9.4,-3.6,-2.1
2023-01-27 22:00:00,2023,1,27,22,0,Friday,-6.8,-0.6,-9.1,-3.1,-1.8
2023-01-27 23:00:00,2023,1,27,23,0,Friday,-8.1,-0.5,-7.4,-2.8,-1.6
2023-01-28 00:00:00,2023,1,28,0,0,Saturday,-5.3,-0.2,-7.3,-2.9,-1.6
2023-01-28 00:00:00,2023,1,28,0,0,Saturday,-5.3,-0.2,-7.3,-2.9,-1.6
2023-01-28 01:00:00,2023,1,28,1,0,Saturday,-4.0,-0.2,-7.3,-3.4,-1.6
2023-01-28 02:00:00,2023,1,28,2,0,Saturday,-1.9,-0.3,-6.9,-3.6,-1.6
2023-01-28 03:00:00,2023,1,28,3,0,Saturday,-1.4,-0.3,-6.4,-3.4,-1.5
2023-01-28 04:00:00,2023,1,28,4,0,Saturday,-1.3,0.1,-5.6,-3.1,-1.4
2023-01-28 05:00:00,2023,1,28,5,0,Saturday,-0.6,0.3,-5.1,-2.8,-1.3
2023-01-28 06:00:00,2023,1,28,6,0,Saturday,-0.3,0.6,-5.0,-2.5,-1.3
2023-01-28 07:00:00,2023,1,28,7,0,Saturday,-0.4,0.2,-5.1,-2.1,-1.3
2023-01-28 08:00:00,2023,1,28,8,0,Saturday,-0.1,-0.2,-4.4,-1.8,-1.3
2023-01-28 09:00:00,2023,1,28,9,0,Saturday,0.2,0.0,-3.6,-1.4,-1.0
2023-01-28 10:00:00,2023,1,28,10,0,Saturday,0.3,0.6,-2.6,-1.6,-0.8
2023-01-28 11:00:00,2023,1,28,11,0,Saturday,0.3,0.7,-2.0,-1.0,-0.7
2023-01-28 12:00:00,2023,1,28,12,0,Saturday,0.2,0.9,-1.6,-1.0,-0.7
2023-01-28 13:00:00,2023,1,28,13,0,Saturday,-0.2,1.1,-1.9,-0.7,-1.0
2023-01-28 14:00:00,2023,1,28,14,0,Saturday,-0.2,0.5,-1.9,-0.7,-2.2
2023-01-28 15:00:00,2023,1,28,15,0,Saturday,0.2,0.4,-1.9,-0.4,-2.5
2023-01-28 16:00:00,2023,1,28,16,0,Saturday,0.4,0.3,-1.6,-0.6,-3.2
2023-01-28 17:00:00,2023,1,28,17,0,Saturday,0.4,1.4,-1.5,-0.4,-4.1
2023-01-28 18:00:00,2023,1,28,18,0,Saturday,0.5,1.1,-1.3,-0.6,-4.1
2023-01-28 19:00:00,2023,1,28,19,0,Saturday,0.5,1.3,-1.1,-1.3,-4.1
2023-01-28 20:00:00,2023,1,28,20,0,Saturday,0.5,1.0,-1.0,-1.7,-4.6
2023-01-28 21:00:00,2023,1,28,21,0,Saturday,0.2,1.1,-0.9,-1.9,-4.5
2023-01-28 22:00:00,2023,1,28,22,0,Saturday,-1.1,0.5,-0.7,-1.8,-5.2
2023-01-28 23:00:00,2023,1,28,23,0,Saturday,-1.1,0.3,-1.1,-2.3,-5.1
2023-01-29 00:00:00,2023,1,29,0,0,Sunday,-1.3,-0.3,-1.0,-2.5,-5.3
2023-01-29 01:00:00,2023,1,29,1,0,Sunday,-0.2,0.2,-0.9,-2.7,-6.5
2023-01-29 02:00:00,2023,1,29,2,0,Sunday,-0.2,0.3,-1.3,-2.8,-7.3
2023-01-29 03:00:00,2023,1,29,3,0,Sunday,-0.7,0.5,-1.3,-2.7,-7.5
2023-01-29 04:00:00,2023,1,29,4,0,Sunday,-1.3,0.4,-1.6,-2.8,-7.6
2023-01-29 05:00:00,2023,1,29,5,0,Sunday,-1.7,0.6,-1.9,-3.0,-8.2
2023-01-29 06:00:00,2023,1,29,6,0,Sunday,-2.2,0.2,-2.2,-3.0,-8.7
2023-01-29 07:00:00,2023,1,29,7,0,Sunday,-2.3,1.1,-3.1,-3.0,-8.1
2023-01-29 08:00:00,2023,1,29,8,0,Sunday,-2.0,0.5,-3.2,-2.6,-7.4
2023-01-29 09:00:00,2023,1,29,9,0,Sunday,-1.3,-0.2,-3.1,-2.1,-6.9
2023-01-29 10:00:00,2023,1,29,10,0,Sunday,-0.4,0.6,-2.9,-2.2,-6.4
2023-01-29 11:00:00,2023,1,29,11,0,Sunday,0.5,1.2,-2.6,-2.0,-6.5
2023-01-29 12:00:00,2023,1,29,12,0,Sunday,1.0,1.3,-2.3,-1.5,-5.9
2023-01-29 13:00:00,2023,1,29,13,0,Sunday,1.2,1.5,-2.2,-1.2,-5.3
2023-01-29 14:00:00,2023,1,29,14,0,Sunday,1.4,0.6,-2.2,-1.4,-6.2
2023-01-29 15:00:00,2023,1,29,15,0,Sunday,1.2,1.0,-2.8,-1.4,-6.2
2023-01-29 16:00:00,2023,1,29,16,0,Sunday,1.7,0.9,-4.1,-1.2,-6.4
2023-01-29 17:00:00,2023,1,29,17,0,Sunday,1.6,1.0,-4.1,-1.2,-5.8
2023-01-29 18:00:00,2023,1,29,18,0,Sunday,1.6,1.2,-2.6,-1.4,-7.5
2023-01-29 19:00:00,2023,1,29,19,0,Sunday,1.5,1.5,-2.1,-2.0,-6.3
2023-01-29 20:00:00,2023,1,29,20,0,Sunday,1.6,1.0,-1.5,-1.5,-4.9
2023-01-29 21:00:00,2023,1,29,21,0,Sunday,1.8,1.1,-1.2,-1.2,-3.9
2023-01-29 22:00:00,2023,1,29,22,0,Sunday,1.6,1.3,-0.6,-0.9,-3.9
2023-01-29 23:00:00,2023,1,29,23,0,Sunday,1.6,1.3,-0.4,-0.4,-3.8
2023-01-30 00:00:00,2023,1,30,0,0,Monday,1.1,2.0,-0.4,-0.1,-4.0
2023-01-30 01:00:00,2023,1,30,1,0,Monday,1.9,2.2,-0.9,0.0,-3.9
2023-01-30 02:00:00,2023,1,30,2,0,Monday,2.2,2.0,-0.7,0.1,-3.8
2023-01-30 03:00:00,2023,1,30,3,0,Monday,2.4,1.9,-0.6,0.2,-3.7
2023-01-30 04:00:00,2023,1,30,4,0,Monday,2.5,1.7,-0.6,0.2,-3.7
2023-01-30 05:00:00,2023,1,30,5,0,Monday,2.5,1.6,-0.5,0.3,-3.7
2023-01-30 06:00:00,2023,1,30,6,0,Monday,1.8,1.3,-0.5,0.3,-3.6
2023-01-30 07:00:00,2023,1,30,7,0,Monday,2.0,1.1,-0.6,0.3,-3.7
2023-01-30 08:00:00,2023,1,30,8,0,Monday,1.8,1.2,-0.6,0.5,-3.7
2023-01-30 09:00:00,2023,1,30,9,0,Monday,2.5,1.4,-0.6,0.4,-3.8
2023-01-30 10:00:00,2023,1,30,10,0,Monday,3.1,0.3,-0.4,0.7,-4.1
2023-01-30 11:00:00,2023,1,30,11,0,Monday,3.0,-0.1,-0.2,1.1,-4.2
2023-01-30 12:00:00,2023,1,30,12,0,Monday,2.9,-0.4,-0.1,1.5,-4.1
2023-01-30 13:00:00,2023,1,30,13,0,Monday,2.7,-0.3,-0.1,1.4,-4.6
2023-01-30 14:00:00,2023,1,30,14,0,Monday,2.2,-0.7,-0.1,1.0,-4.4
2023-01-30 15:00:00,2023,1,30,15,0,Monday,1.7,-1.1,0.0,0.4,-4.4
2023-01-30 16:00:00,2023,1,30,16,0,Monday,1.7,-1.4,0.2,0.2,-4.7
2023-01-30 17:00:00,2023,1,30,17,0,Monday,1.5,-1.6,0.3,0.2,-5.3
2023-01-30 18:00:00,2023,1,30,18,0,Monday,1.4,-2.1,0.2,0.4,-5.4
2023-01-30 19:00:00,2023,1,30,19,0,Monday,0.9,-1.9,0.2,0.1,-5.7
2023-01-30 20:00:00,2023,1,30,20,0,Monday,0.5,-1.4,0.1,-0.3,-6.2
2023-01-30 21:00:00,2023,1,30,21,0,Monday,0.3,-1.5,0.1,-0.9,-6.8
2023-01-30 22:00:00,2023,1,30,22,0,Monday,0.2,-1.4,0.0,-1.3,-7.6
2023-01-30 23:00:00,2023,1,30,23,0,Monday,0.1,-1.4,-0.1,-1.7,-7.3
2023-01-31 00:00:00,2023,1,31,0,0,Tuesday,-0.5,-2.2,-0.1,-2.3,-6.9
2023-01-31 00:00:00,2023,1,31,0,0,Tuesday,-0.5,-2.2,-0.1,-2.3,-6.9
2023-01-31 01:00:00,2023,1,31,1,0,Tuesday,-0.9,-2.4,0.0,-3.1,-6.5
2023-01-31 02:00:00,2023,1,31,2,0,Tuesday,-0.8,-2.9,-0.4,-3.4,-5.6
2023-01-31 03:00:00,2023,1,31,3,0,Tuesday,-0.8,-3.9,-0.1,-3.3,-5.2
2023-01-31 04:00:00,2023,1,31,4,0,Tuesday,-0.7,-3.6,-0.8,-3.3,-5.1
2023-01-31 05:00:00,2023,1,31,5,0,Tuesday,-0.8,-3.8,-1.3,-3.2,-4.6
2023-01-31 06:00:00,2023,1,31,6,0,Tuesday,-1.1,-5.0,-2.1,-3.3,-4.8
2023-01-31 07:00:00,2023,1,31,7,0,Tuesday,-1.3,-4.5,-2.9,-3.5,-4.7
2023-01-31 08:00:00,2023,1,31,8,0,Tuesday,-0.9,-5.0,-3.8,-3.7,-4.7
2023-01-31 09:00:00,2023,1,31,9,0,Tuesday,-0.3,-4.9,-4.5,-3.7,-4.8
2023-01-31 10:00:00,2023,1,31,10,0,Tuesday,0.2,-4.3,-5.3,-3.4,-4.6
2023-01-31 11:00:00,2023,1,31,11,0,Tuesday,0.7,-3.8,-5.6,-3.1,-4.7
2023-01-31 12:00:00,2023,1,31,12,0,Tuesday,1.0,-3.5,-5.5,-2.9,-4.9
2023-01-31 13:00:00,2023,1,31,13,0,Tuesday,0.7,-3.4,-4.9,-2.9,-5.3
2023-01-31 14:00:00,2023,1,31,14,0,Tuesday,0.4,-4.2,-4.4,-3.3,-6.3
2023-01-31 15:00:00,2023,1,31,15,0,Tuesday,0.4,-5.5,-4.2,-3.3,-8.2
2023-01-31 16:00:00,2023,1,31,16,0,Tuesday,0.3,-5.7,-3.9,-3.4,-8.7
2023-01-31 17:00:00,2023,1,31,17,0,Tuesday,-0.4,-6.7,-3.8,-3.5,-8.3
2023-01-31 18:00:00,2023,1,31,18,0,Tuesday,-0.5,-7.3,-3.7,-3.7,-9.0
2023-01-31 19:00:00,2023,1,31,19,0,Tuesday,-0.3,-6.5,-3.9,-3.8,-8.5
2023-01-31 20:00:00,2023,1,31,20,0,Tuesday,0.0,-6.9,-3.9,-3.9,-8.4
2023-01-31 21:00:00,2023,1,31,21,0,Tuesday,-0.2,-6.3,-4.0,-4.2,-8.8
2023-01-31 22:00:00,2023,1,31,22,0,Tuesday,-0.4,-6.1,-4.1,-4.4,-8.5
2023-01-31 23:00:00,2023,1,31,23,0,Tuesday,-0.6,-4.9,-4.0,-4.8,-8.5
2023-02-01 00:00:00,2023,2,1,0,0,Wednesday,-0.7,-5.1,-3.9,-5.1,-8.3
